{
  "config": "etc: galerkin, energy, freeze_hc=30, spectral theta=0.35 both-channel (stretch+bend) with 0.5-theta hysteresis latch, cooldown=20, r=32, closed-loop c1",
  "generated_utc": "20260709T093901Z",
  "owner_line_start": "OWNER: Team Fable (claimed 2026-07-09T09:07:05Z \u2014 round 9: ETC-spectral applied to the full chain registry at 301f vs r4 baselines (hash-verified identical starts), 4-panel films, perf+stretch+bend tables on report; branched/loop scenes routed to GLOBAL per portfolio (r4 films stand); honest N/A rows; single push)",
  "r4_baseline_manifest_sha256": "557339dd10bbd26b30ac9e3276e2c7400b5eed61f4697119326fd52f1a18a535",
  "results": {
    "horiz_cantilever_stretch": {
      "initial_state_hash": "5d28fd8ed57c69a72a63f2044412bb1752795c31c35a64d966daf36da211e026",
      "metrics": {
        "corrections_accepted": 201,
        "corrections_attempted": 222,
        "energy_rejects": 68,
        "fallback_substeps": 0,
        "final_max_stretch_m": 0.003862891811877489,
        "fuse_trip_substep": -1,
        "futility_backoffs": 139,
        "max_bend_rad": 2.990571975708008,
        "max_stretch_m": 0.013135375455021858,
        "n_substeps": 3000,
        "passivity_trips": 0,
        "spectral_skips": 2778,
        "substep_ms_mean": 1.6730010000367959,
        "substep_ms_p50": 0.6921673193573952,
        "trigger_fires": 222,
        "wall_s": 7.993154048919678
      },
      "n_bodies": 128,
      "npz_sha256": "9a694e2b047758bb666fc3e633c6cea8f1e26b33e36da754f18e8e83ddd16733",
      "r4_hash_verified": true,
      "status": "complete"
    },
    "horiz_cantilever_stretch_bend": {
      "initial_state_hash": "5d28fd8ed57c69a72a63f2044412bb1752795c31c35a64d966daf36da211e026",
      "metrics": {
        "corrections_accepted": 351,
        "corrections_attempted": 480,
        "energy_rejects": 186,
        "fallback_substeps": 0,
        "final_max_stretch_m": 0.004488857928663492,
        "fuse_trip_substep": -1,
        "futility_backoffs": 126,
        "max_bend_rad": 0.868924617767334,
        "max_stretch_m": 0.01032582763582468,
        "n_substeps": 3000,
        "passivity_trips": 0,
        "spectral_skips": 2520,
        "substep_ms_mean": 2.671119876205921,
        "substep_ms_p50": 0.6897775456309319,
        "trigger_fires": 480,
        "wall_s": 8.958218097686768
      },
      "n_bodies": 128,
      "npz_sha256": "e6554b21c888f5622a34dd8edd407f9a3242e587547f3e32d3278a87b3c437c0",
      "r4_hash_verified": true,
      "status": "complete"
    },
    "horiz_pinned_both": {
      "initial_state_hash": "5d28fd8ed57c69a72a63f2044412bb1752795c31c35a64d966daf36da211e026",
      "metrics": {
        "corrections_accepted": 14,
        "corrections_attempted": 76,
        "energy_rejects": 185,
        "fallback_substeps": 0,
        "final_max_stretch_m": 0.003309453371912241,
        "fuse_trip_substep": 351,
        "futility_backoffs": 14,
        "max_bend_rad": 1.0041035413742065,
        "max_stretch_m": 0.009629196487367153,
        "n_substeps": 3000,
        "passivity_trips": 1,
        "spectral_skips": 2924,
        "substep_ms_mean": 1.1749933219204347,
        "substep_ms_p50": 0.6806571036577225,
        "trigger_fires": 76,
        "wall_s": 4.473015069961548
      },
      "n_bodies": 128,
      "npz_sha256": "8ba547697ecefabc61e5f8bc4eb9fc17cfaa3efc6df6ff87a53fad595a7b9fb0",
      "r4_hash_verified": true,
      "status": "complete"
    },
    "long_cantilever_1024_superbend500": {
      "initial_state_hash": "413d90e0a0f9c7e6ddabec5c2df58de01012925f23408d48574badc54c1fc505",
      "metrics": {
        "corrections_accepted": 243,
        "corrections_attempted": 336,
        "energy_rejects": 279,
        "fallback_substeps": 0,
        "final_max_stretch_m": 0.07489988952875137,
        "fuse_trip_substep": 1461,
        "futility_backoffs": 56,
        "max_bend_rad": 0.433665007352829,
        "max_stretch_m": 0.0999743863940239,
        "n_substeps": 3000,
        "passivity_trips": 1,
        "spectral_skips": 2664,
        "substep_ms_mean": 4.9639728628098965,
        "substep_ms_p50": 0.6841588765382767,
        "trigger_fires": 336,
        "wall_s": 21.300781965255737
      },
      "n_bodies": 1024,
      "npz_sha256": "ab0ce0fa23026770837203ffaa8b042f9d202f66b6864f7ca927ad2c376cfbc4",
      "r4_hash_verified": true,
      "status": "complete"
    },
    "long_cantilever_2048_superbend500": {
      "initial_state_hash": "374ac7ffd147a6066b8a04fb0470a8e91ad7ca7536a7ac3437ee7cf38491a53c",
      "metrics": {
        "corrections_accepted": 315,
        "corrections_attempted": 366,
        "energy_rejects": 153,
        "fallback_substeps": 0,
        "final_max_stretch_m": 0.07810885459184647,
        "fuse_trip_substep": 1611,
        "futility_backoffs": 62,
        "max_bend_rad": 0.635424017906189,
        "max_stretch_m": 0.11480564624071121,
        "n_substeps": 3000,
        "passivity_trips": 1,
        "spectral_skips": 2634,
        "substep_ms_mean": 7.846104179819425,
        "substep_ms_p50": 0.6893696263432503,
        "trigger_fires": 366,
        "wall_s": 36.61801552772522
      },
      "n_bodies": 2048,
      "npz_sha256": "514d61200cded5f97baa93f8062a06dffb036a13b221df6aaeb171f7cda5b8ad",
      "r4_hash_verified": true,
      "status": "complete"
    },
    "long_cantilever_4096_superbend500": {
      "initial_state_hash": "e18b3a73b5e39ca524b1fca4d10340c899429061303c8bd412f60d47db88bb1d",
      "metrics": {
        "corrections_accepted": 479,
        "corrections_attempted": 569,
        "energy_rejects": 270,
        "fallback_substeps": 0,
        "final_max_stretch_m": 0.07955580204725266,
        "fuse_trip_substep": 1621,
        "futility_backoffs": 52,
        "max_bend_rad": 0.699370265007019,
        "max_stretch_m": 0.14355291426181793,
        "n_substeps": 3000,
        "passivity_trips": 1,
        "spectral_skips": 2431,
        "substep_ms_mean": 23.24460525996983,
        "substep_ms_p50": 0.6925612688064575,
        "trigger_fires": 569,
        "wall_s": 98.16547560691833
      },
      "n_bodies": 4096,
      "npz_sha256": "2966db939515a73e3d204a86e7aaa8eb009b24146583d5168b87453c105b0a37",
      "r4_hash_verified": true,
      "status": "complete"
    },
    "long_cantilever_512_bend": {
      "initial_state_hash": "f7bcac7e27bbf60210e83424a05993a467c7df748aa3cda2b3a40f65d343eead",
      "metrics": {
        "corrections_accepted": 36,
        "corrections_attempted": 36,
        "energy_rejects": 0,
        "fallback_substeps": 0,
        "final_max_stretch_m": 0.005282064434140921,
        "fuse_trip_substep": 781,
        "futility_backoffs": 36,
        "max_bend_rad": 1.825903058052063,
        "max_stretch_m": 0.06234963983297348,
        "n_substeps": 3000,
        "passivity_trips": 1,
        "spectral_skips": 2964,
        "substep_ms_mean": 0.9809027904023727,
        "substep_ms_p50": 0.6856583058834076,
        "trigger_fires": 36,
        "wall_s": 6.191363334655762
      },
      "n_bodies": 512,
      "npz_sha256": "0569e13dd4128bcb5ea1a481e35d2526d19d832e70d840683f9d853f37e098b5",
      "r4_hash_verified": true,
      "status": "complete"
    },
    "long_vertical_1024_stiffbend": {
      "initial_state_hash": "f23ec67a84ad997bb4764eee2aa2f5ae0f637e2f1f5734d95005882c2a4f4bd3",
      "metrics": {
        "corrections_accepted": 301,
        "corrections_attempted": 436,
        "energy_rejects": 394,
        "fallback_substeps": 0,
        "final_max_stretch_m": 0.04775242134928703,
        "fuse_trip_substep": 1081,
        "futility_backoffs": 32,
        "max_bend_rad": 0.697907567024231,
        "max_stretch_m": 0.17775660753250122,
        "n_substeps": 3000,
        "passivity_trips": 1,
        "spectral_skips": 2564,
        "substep_ms_mean": 6.152245503539841,
        "substep_ms_p50": 0.6906930357217789,
        "trigger_fires": 436,
        "wall_s": 24.87039041519165
      },
      "n_bodies": 1024,