{
  "scene": "long_cantilever_1024_superbend500",
  "method": "avbd_hard_K20",
  "config": {
    "iterations": 20,
    "substep_mult": 1,
    "avbd_beta": 1.0,
    "hard": true,
    "fps": 60,
    "sim_substeps": 10,
    "num_frames_requested": 60,
    "num_frames_completed": 60
  },
  "num_frames": 60,
  "fps": 60,
  "substeps": 10,
  "seconds_total": 1.6098219640552998,
  "seconds_step_mean_ms": 7.746950847407182,
  "seconds_step_p50_ms": 7.5610727071762085,
  "seconds_step_p95_ms": 7.593234349042177,
  "final_stretch_max": 0.0009723121180341205,
  "final_stretch_rms": 0.0005896030129937552,
  "final_bend_max": 0.017744293887901066,
  "final_bend_rms": 0.00247552594588788,
  "energy_drift_rel": -0.26250515275825265,
  "max_speed_observed": 11.352974220941837,
  "min_z_observed": -4.142045974731445,
  "visual_path": "/home/horde/JC/newton/bench/_workspace/long_cantilever_1024_superbend500/avbd_hard_K20.mp4",
  "timeseries_csv": "/home/horde/JC/newton/bench/_workspace/long_cantilever_1024_superbend500/avbd_hard_K20.csv",
  "notes": "1024-segment cantilever; pinned at x=0; bend_ke=500.0.",
  "error": null
}