{
  "scene": "long_cantilever_1024_superbend500",
  "method": "avbd_b0.01_K20",
  "config": {
    "iterations": 20,
    "substep_mult": 1,
    "avbd_beta": 0.01,
    "hard": true,
    "fps": 60,
    "sim_substeps": 10,
    "num_frames_requested": 60,
    "num_frames_completed": 60
  },
  "num_frames": 60,
  "fps": 60,
  "substeps": 10,
  "seconds_total": 1.5963022951036692,
  "seconds_step_mean_ms": 7.642597394684951,
  "seconds_step_p50_ms": 7.465902715921402,
  "seconds_step_p95_ms": 7.475003134459257,
  "final_stretch_max": 0.13592907256527648,
  "final_stretch_rms": 0.018440567922222862,
  "final_bend_max": 0.1933082804608673,
  "final_bend_rms": 0.015066706663393945,
  "energy_drift_rel": 6.98066729037847,
  "max_speed_observed": 10.728535065243484,
  "min_z_observed": -4.11484956741333,
  "visual_path": "/home/horde/JC/newton/bench/_workspace/long_cantilever_1024_superbend500/avbd_b0.01_K20.mp4",
  "timeseries_csv": "/home/horde/JC/newton/bench/_workspace/long_cantilever_1024_superbend500/avbd_b0.01_K20.csv",
  "notes": "1024-segment cantilever; pinned at x=0; bend_ke=500.0.",
  "error": null
}