{
  "scene": "long_cantilever_1024_superbend500",
  "method": "avbd_hard_K5",
  "config": {
    "iterations": 5,
    "substep_mult": 1,
    "avbd_beta": 1.0,
    "hard": true,
    "fps": 60,
    "sim_substeps": 10,
    "num_frames_requested": 60,
    "num_frames_completed": 60
  },
  "num_frames": 60,
  "fps": 60,
  "substeps": 10,
  "seconds_total": 1.275302991271019,
  "seconds_step_mean_ms": 2.1561689053972564,
  "seconds_step_p50_ms": 2.0392294973134995,
  "seconds_step_p95_ms": 2.0601381547749043,
  "final_stretch_max": 0.003039786222661968,
  "final_stretch_rms": 0.0016737299138343056,
  "final_bend_max": 0.03725302915451712,
  "final_bend_rms": 0.004083848368611451,
  "energy_drift_rel": -0.279038676588795,
  "max_speed_observed": 11.308663845221407,
  "min_z_observed": -4.114532947540283,
  "visual_path": "/home/horde/JC/newton/bench/_workspace/long_cantilever_1024_superbend500/avbd_hard_K5.mp4",
  "timeseries_csv": "/home/horde/JC/newton/bench/_workspace/long_cantilever_1024_superbend500/avbd_hard_K5.csv",
  "notes": "1024-segment cantilever; pinned at x=0; bend_ke=500.0.",
  "error": null
}