{
  "scene": "long_cantilever_4096_superbend500",
  "method": "method_s_thomasbend_warp_K10_scale4096sb",
  "config": {
    "iterations": 10,
    "substep_mult": 1,
    "avbd_beta": 0.0,
    "hard": true,
    "fps": 60,
    "sim_substeps": 10,
    "num_frames_requested": 60,
    "num_frames_completed": 60
  },
  "num_frames": 60,
  "fps": 60,
  "substeps": 10,
  "seconds_total": 18.626381922513247,
  "seconds_step_mean_ms": 233.56428081169724,
  "seconds_step_p50_ms": 233.33596345037222,
  "seconds_step_p95_ms": 233.49330965429544,
  "final_stretch_max": 0.002943703507247549,
  "final_stretch_rms": 0.0004944522542677563,
  "final_bend_max": 0.004139151309769564,
  "final_bend_rms": 0.0004609455856330145,
  "energy_drift_rel": -1.20806167779602,
  "max_speed_observed": 6.143403053283691,
  "min_z_observed": -1.6816556453704834,
  "visual_path": "/home/horde/JC/newton/bench/_workspace/long_cantilever_4096_superbend500/method_s_thomasbend_warp_K10_scale4096sb.mp4",
  "timeseries_csv": "/home/horde/JC/newton/bench/_workspace/long_cantilever_4096_superbend500/method_s_thomasbend_warp_K10_scale4096sb.csv",
  "notes": "4096-segment cantilever; pinned at x=0; bend_ke=500.0.",
  "error": null
}