{
  "scene": "long_cantilever_2048_superbend500",
  "method": "method_s_thomasbend_warp_K10_scale2048sb",
  "config": {
    "iterations": 10,
    "substep_mult": 1,
    "avbd_beta": 0.0,
    "hard": true,
    "fps": 60,
    "sim_substeps": 10,
    "num_frames_requested": 60,
    "num_frames_completed": 60
  },
  "num_frames": 60,
  "fps": 60,
  "substeps": 10,
  "seconds_total": 9.019198032096028,
  "seconds_step_mean_ms": 112.17595652366678,
  "seconds_step_p50_ms": 111.94438766688108,
  "seconds_step_p95_ms": 112.10611341521144,
  "final_stretch_max": 0.002943703507247549,
  "final_stretch_rms": 0.0006993464976384892,
  "final_bend_max": 0.004139151309769564,
  "final_bend_rms": 0.0006519551243847193,
  "energy_drift_rel": -1.1845106190307995,
  "max_speed_observed": 6.143403053283691,
  "min_z_observed": -1.6816556453704834,
  "visual_path": "/home/horde/JC/newton/bench/_workspace/long_cantilever_2048_superbend500/method_s_thomasbend_warp_K10_scale2048sb.mp4",
  "timeseries_csv": "/home/horde/JC/newton/bench/_workspace/long_cantilever_2048_superbend500/method_s_thomasbend_warp_K10_scale2048sb.csv",
  "notes": "2048-segment cantilever; pinned at x=0; bend_ke=500.0.",
  "error": null
}