{
  "scene": "cable_pile_xl_softbend_0p01",
  "method": "vbd_sor_w1p5_K10",
  "config": {
    "iterations": 10,
    "substep_mult": 1,
    "avbd_beta": 0.0,
    "hard": true,
    "fps": 60,
    "sim_substeps": 10,
    "num_frames_requested": 120,
    "num_frames_completed": 120
  },
  "num_frames": 120,
  "fps": 60,
  "substeps": 10,
  "seconds_total": 1433.7284184042364,
  "seconds_step_mean_ms": 56.84332175490757,
  "seconds_step_p50_ms": 56.90436437726021,
  "seconds_step_p95_ms": 57.00550004839897,
  "final_stretch_max": 0.05364343819146816,
  "final_stretch_rms": 0.0030873238493158896,
  "final_bend_max": 3.138337877796968,
  "final_bend_rms": 1.0066191842727956,
  "energy_drift_rel": -0.538631592997506,
  "max_speed_observed": 48.01866755343194,
  "min_z_observed": -0.08278406411409378,
  "visual_path": "/home/horde/JC/newton/bench/_workspace/cable_pile_xl_softbend_0p01/vbd_sor_w1p5_K10.mp4",
  "timeseries_csv": "/home/horde/JC/newton/bench/_workspace/cable_pile_xl_softbend_0p01/vbd_sor_w1p5_K10.csv",
  "notes": "12 layers \u00d7 12 lanes \u00d7 200 segments = 28 800 bodies; bend_ke=0.05 (0.01\u00d7); near-floppy bend \u2014 stresses non-stretch DOFs and contact tangents.",
  "error": null
}