{
  "revolute_coast_max_error_rad_s": 0.0012235720952351592,
  "prismatic_coast_max_error_m_s": 0.0008631388346354019,
  "sliding_drive_max_error_rad_s": 0.0011841237545013317,
  "static_stick_max_abs_q_rad": 0.001953125,
  "static_stick_max_abs_qd_rad_s": 0.004617415368556976,
  "energy_drop_fraction": 0.9584377224439355
}
