{
  "mu": 0.8,
  "left_load": 20.0,
  "right_load": 20.0,
  "wrap_angle": 4.1887902047863905,
  "capstan_ratio_bound": 28.53216832255737,
  "measured_ratio": 1.2145673755807926
}