{
  "mu": 0.0,
  "left_load": 20.0,
  "right_load": 20.0,
  "wrap_angle": 4.1887902047863905,
  "capstan_ratio_bound": 1.0,
  "measured_ratio": 1.0567560383091599
}