{
  "mu": 0.3,
  "left_load": 20.0,
  "right_load": 20.0,
  "wrap_angle": 4.1887902047863905,
  "capstan_ratio_bound": 3.513585624285733,
  "measured_ratio": 1.2279446022420408
}