{
  "expected": 14.817038878202439,
  "supported_mass": 1.0007175207138062,
  "applied_downward_force": 5.0,
  "cable_segments": 8
}