{
  "expected": 9.817038878202439,
  "supported_mass": 1.0007175207138062,
  "applied_downward_force": 0.0,
  "cable_segments": 8
}